employee_id,first_name,last_name,email,hire_date,department_id,department_name,dept_employee_count,dept_earliest_hire,dept_latest_hire,employee_created_at,employee_updated_at,department_created_at,department_updated_at
436,Alexandra,Arellano,alexandra.arellano@company.com,2025-04-23 09:09:56.567076,25,Customer Support,22,2025-04-23 09:09:56.566997,2025-04-23 09:09:56.589107,2025-04-23 09:09:56.567077,2025-04-23 09:09:56.567078,2025-04-23 09:09:56.546881,2025-04-23 09:09:56.546882
450,Robert,Best,robert.best@company.com,2025-04-23 09:09:56.567104,25,Customer Support,22,2025-04-23 09:09:56.566997,2025-04-23 09:09:56.589107,2025-04-23 09:09:56.567104,2025-04-23 09:09:56.567105,2025-04-23 09:09:56.546881,2025-04-23 09:09:56.546882
398,Ryan,Carroll,ryan.carroll@company.com,2025-04-23 09:09:56.566997,25,Customer Support,22,2025-04-23 09:09:56.566997,2025-04-23 09:09:56.589107,2025-04-23 09:09:56.566998,2025-04-23 09:09:56.566998,2025-04-23 09:09:56.546881,2025-04-23 09:09:56.546882
582,Brandy,Conner,brandy.conner@company.com,2025-04-23 09:09:56.589104,25,Customer Support,22,2025-04-23 09:09:56.566997,2025-04-23 09:09:56.589107,2025-04-23 09:09:56.589104,2025-04-23 09:09:56.589105,2025-04-23 09:09:56.546881,2025-04-23 09:09:56.546882
502,Thomas,Juarez,thomas.juarez@company.com,2025-04-23 09:09:56.588947,25,Customer Support,22,2025-04-23 09:09:56.566997,2025-04-23 09:09:56.589107,2025-04-23 09:09:56.588948,2025-04-23 09:09:56.588948,2025-04-23 09:09:56.546881,2025-04-23 09:09:56.546882
405,Johnny,Lopez,johnny.lopez@company.com,2025-04-23 09:09:56.567012,25,Customer Support,22,2025-04-23 09:09:56.566997,2025-04-23 09:09:56.589107,2025-04-23 09:09:56.567013,2025-04-23 09:09:56.567014,2025-04-23 09:09:56.546881,2025-04-23 09:09:56.546882
503,Eric,Martin,eric.martin@company.com,2025-04-23 09:09:56.588949,25,Customer Support,22,2025-04-23 09:09:56.566997,2025-04-23 09:09:56.589107,2025-04-23 09:09:56.588950,2025-04-23 09:09:56.588950,2025-04-23 09:09:56.546881,2025-04-23 09:09:56.546882
482,Audrey,Mays,audrey.mays@company.com,2025-04-23 09:09:56.567166,25,Customer Support,22,2025-04-23 09:09:56.566997,2025-04-23 09:09:56.589107,2025-04-23 09:09:56.567166,2025-04-23 09:09:56.567167,2025-04-23 09:09:56.546881,2025-04-23 09:09:56.546882
449,Kathleen,Mcknight,kathleen.mcknight@company.com,2025-04-23 09:09:56.567102,25,Customer Support,22,2025-04-23 09:09:56.566997,2025-04-23 09:09:56.589107,2025-04-23 09:09:56.567102,2025-04-23 09:09:56.567103,2025-04-23 09:09:56.546881,2025-04-23 09:09:56.546882
584,Tracy,Moore,tracy.moore@company.com,2025-04-23 09:09:56.589107,25,Customer Support,22,2025-04-23 09:09:56.566997,2025-04-23 09:09:56.589107,2025-04-23 09:09:56.589108,2025-04-23 09:09:56.589109,2025-04-23 09:09:56.546881,2025-04-23 09:09:56.546882
574,Miguel,Mueller,miguel.mueller@company.com,2025-04-23 09:09:56.589088,25,Customer Support,22,2025-04-23 09:09:56.566997,2025-04-23 09:09:56.589107,2025-04-23 09:09:56.589089,2025-04-23 09:09:56.589089,2025-04-23 09:09:56.546881,2025-04-23 09:09:56.546882
425,Paul,Nelson,paul.nelson@company.com,2025-04-23 09:09:56.567053,25,Customer Support,22,2025-04-23 09:09:56.566997,2025-04-23 09:09:56.589107,2025-04-23 09:09:56.567053,2025-04-23 09:09:56.567054,2025-04-23 09:09:56.546881,2025-04-23 09:09:56.546882
569,Lindsay,Palmer,lindsay.palmer@company.com,2025-04-23 09:09:56.589078,25,Customer Support,22,2025-04-23 09:09:56.566997,2025-04-23 09:09:56.589107,2025-04-23 09:09:56.589079,2025-04-23 09:09:56.589080,2025-04-23 09:09:56.546881,2025-04-23 09:09:56.546882
479,Sierra,Parker,sierra.parker@company.com,2025-04-23 09:09:56.567160,25,Customer Support,22,2025-04-23 09:09:56.566997,2025-04-23 09:09:56.589107,2025-04-23 09:09:56.567161,2025-04-23 09:09:56.567161,2025-04-23 09:09:56.546881,2025-04-23 09:09:56.546882
552,Lori,Perez,lori.perez@company.com,2025-04-23 09:09:56.589045,25,Customer Support,22,2025-04-23 09:09:56.566997,2025-04-23 09:09:56.589107,2025-04-23 09:09:56.589046,2025-04-23 09:09:56.589046,2025-04-23 09:09:56.546881,2025-04-23 09:09:56.546882
527,Autumn,Poole,autumn.poole@company.com,2025-04-23 09:09:56.588997,25,Customer Support,22,2025-04-23 09:09:56.566997,2025-04-23 09:09:56.589107,2025-04-23 09:09:56.588997,2025-04-23 09:09:56.588998,2025-04-23 09:09:56.546881,2025-04-23 09:09:56.546882
414,Hayley,Rivera,hayley.rivera@company.com,2025-04-23 09:09:56.567031,25,Customer Support,22,2025-04-23 09:09:56.566997,2025-04-23 09:09:56.589107,2025-04-23 09:09:56.567032,2025-04-23 09:09:56.567032,2025-04-23 09:09:56.546881,2025-04-23 09:09:56.546882
556,Derek,Schultz,derek.schultz@company.com,2025-04-23 09:09:56.589053,25,Customer Support,22,2025-04-23 09:09:56.566997,2025-04-23 09:09:56.589107,2025-04-23 09:09:56.589053,2025-04-23 09:09:56.589054,2025-04-23 09:09:56.546881,2025-04-23 09:09:56.546882
499,Sharon,Vazquez,sharon.vazquez@company.com,2025-04-23 09:09:56.588941,25,Customer Support,22,2025-04-23 09:09:56.566997,2025-04-23 09:09:56.589107,2025-04-23 09:09:56.588942,2025-04-23 09:09:56.588942,2025-04-23 09:09:56.546881,2025-04-23 09:09:56.546882
416,Jonathan,Walsh,jonathan.walsh@company.com,2025-04-23 09:09:56.567035,25,Customer Support,22,2025-04-23 09:09:56.566997,2025-04-23 09:09:56.589107,2025-04-23 09:09:56.567036,2025-04-23 09:09:56.567036,2025-04-23 09:09:56.546881,2025-04-23 09:09:56.546882
403,Adam,Ware,adam.ware@company.com,2025-04-23 09:09:56.567008,25,Customer Support,22,2025-04-23 09:09:56.566997,2025-04-23 09:09:56.589107,2025-04-23 09:09:56.567009,2025-04-23 09:09:56.567009,2025-04-23 09:09:56.546881,2025-04-23 09:09:56.546882
545,Steven,Williams,steven.williams@company.com,2025-04-23 09:09:56.589031,25,Customer Support,22,2025-04-23 09:09:56.566997,2025-04-23 09:09:56.589107,2025-04-23 09:09:56.589032,2025-04-23 09:09:56.589033,2025-04-23 09:09:56.546881,2025-04-23 09:09:56.546882
452,Joann,Aguilar,joann.aguilar@company.com,2025-04-23 09:09:56.567108,24,Development,22,2025-04-23 09:09:56.567029,2025-04-23 09:09:56.589129,2025-04-23 09:09:56.567108,2025-04-23 09:09:56.567109,2025-04-23 09:09:56.546880,2025-04-23 09:09:56.546880
517,Elizabeth,Bishop,elizabeth.bishop@company.com,2025-04-23 09:09:56.588977,24,Development,22,2025-04-23 09:09:56.567029,2025-04-23 09:09:56.589129,2025-04-23 09:09:56.588977,2025-04-23 09:09:56.588978,2025-04-23 09:09:56.546880,2025-04-23 09:09:56.546880
506,Joel,Bradley,joel.bradley@company.com,2025-04-23 09:09:56.588955,24,Development,22,2025-04-23 09:09:56.567029,2025-04-23 09:09:56.589129,2025-04-23 09:09:56.588956,2025-04-23 09:09:56.588956,2025-04-23 09:09:56.546880,2025-04-23 09:09:56.546880
454,Hannah,Craig,hannah.craig@company.com,2025-04-23 09:09:56.567111,24,Development,22,2025-04-23 09:09:56.567029,2025-04-23 09:09:56.589129,2025-04-23 09:09:56.567112,2025-04-23 09:09:56.567113,2025-04-23 09:09:56.546880,2025-04-23 09:09:56.546880
595,Antonio,Harmon,antonio.harmon@company.com,2025-04-23 09:09:56.589129,24,Development,22,2025-04-23 09:09:56.567029,2025-04-23 09:09:56.589129,2025-04-23 09:09:56.589129,2025-04-23 09:09:56.589130,2025-04-23 09:09:56.546880,2025-04-23 09:09:56.546880
496,Roberto,Hill,roberto.hill@company.com,2025-04-23 09:09:56.567193,24,Development,22,2025-04-23 09:09:56.567029,2025-04-23 09:09:56.589129,2025-04-23 09:09:56.567194,2025-04-23 09:09:56.567194,2025-04-23 09:09:56.546880,2025-04-23 09:09:56.546880
554,Charles,Jacobs,charles.jacobs@company.com,2025-04-23 09:09:56.589049,24,Development,22,2025-04-23 09:09:56.567029,2025-04-23 09:09:56.589129,2025-04-23 09:09:56.589050,2025-04-23 09:09:56.589050,2025-04-23 09:09:56.546880,2025-04-23 09:09:56.546880
537,Faith,Kennedy,faith.kennedy@company.com,2025-04-23 09:09:56.589016,24,Development,22,2025-04-23 09:09:56.567029,2025-04-23 09:09:56.589129,2025-04-23 09:09:56.589016,2025-04-23 09:09:56.589017,2025-04-23 09:09:56.546880,2025-04-23 09:09:56.546880
489,Billy,Nelson,billy.nelson@company.com,2025-04-23 09:09:56.567180,24,Development,22,2025-04-23 09:09:56.567029,2025-04-23 09:09:56.589129,2025-04-23 09:09:56.567180,2025-04-23 09:09:56.567181,2025-04-23 09:09:56.546880,2025-04-23 09:09:56.546880
490,Jeffrey,Patrick,jeffrey.patrick@company.com,2025-04-23 09:09:56.567181,24,Development,22,2025-04-23 09:09:56.567029,2025-04-23 09:09:56.589129,2025-04-23 09:09:56.567182,2025-04-23 09:09:56.567183,2025-04-23 09:09:56.546880,2025-04-23 09:09:56.546880
540,Matthew,Reese,matthew.reese@company.com,2025-04-23 09:09:56.589022,24,Development,22,2025-04-23 09:09:56.567029,2025-04-23 09:09:56.589129,2025-04-23 09:09:56.589022,2025-04-23 09:09:56.589023,2025-04-23 09:09:56.546880,2025-04-23 09:09:56.546880
440,Adam,Sanchez,adam.sanchez@company.com,2025-04-23 09:09:56.567084,24,Development,22,2025-04-23 09:09:56.567029,2025-04-23 09:09:56.589129,2025-04-23 09:09:56.567085,2025-04-23 09:09:56.567085,2025-04-23 09:09:56.546880,2025-04-23 09:09:56.546880
558,Aaron,Scott,aaron.scott@company.com,2025-04-23 09:09:56.589057,24,Development,22,2025-04-23 09:09:56.567029,2025-04-23 09:09:56.589129,2025-04-23 09:09:56.589057,2025-04-23 09:09:56.589058,2025-04-23 09:09:56.546880,2025-04-23 09:09:56.546880
591,Dominique,Smith,dominique.smith@company.com,2025-04-23 09:09:56.589121,24,Development,22,2025-04-23 09:09:56.567029,2025-04-23 09:09:56.589129,2025-04-23 09:09:56.589122,2025-04-23 09:09:56.589122,2025-04-23 09:09:56.546880,2025-04-23 09:09:56.546880
567,Melinda,Thomas,melinda.thomas@company.com,2025-04-23 09:09:56.589075,24,Development,22,2025-04-23 09:09:56.567029,2025-04-23 09:09:56.589129,2025-04-23 09:09:56.589075,2025-04-23 09:09:56.589076,2025-04-23 09:09:56.546880,2025-04-23 09:09:56.546880
546,Andrea,Wade,andrea.wade@company.com,2025-04-23 09:09:56.589033,24,Development,22,2025-04-23 09:09:56.567029,2025-04-23 09:09:56.589129,2025-04-23 09:09:56.589034,2025-04-23 09:09:56.589035,2025-04-23 09:09:56.546880,2025-04-23 09:09:56.546880
464,Angela,Wade,angela.wade@company.com,2025-04-23 09:09:56.567131,24,Development,22,2025-04-23 09:09:56.567029,2025-04-23 09:09:56.589129,2025-04-23 09:09:56.567132,2025-04-23 09:09:56.567132,2025-04-23 09:09:56.546880,2025-04-23 09:09:56.546880
525,Ashley,Wagner,ashley.wagner@company.com,2025-04-23 09:09:56.588993,24,Development,22,2025-04-23 09:09:56.567029,2025-04-23 09:09:56.589129,2025-04-23 09:09:56.588993,2025-04-23 09:09:56.588994,2025-04-23 09:09:56.546880,2025-04-23 09:09:56.546880
413,Kelsey,Warren,kelsey.warren@company.com,2025-04-23 09:09:56.567029,24,Development,22,2025-04-23 09:09:56.567029,2025-04-23 09:09:56.589129,2025-04-23 09:09:56.567030,2025-04-23 09:09:56.567030,2025-04-23 09:09:56.546880,2025-04-23 09:09:56.546880
515,Angela,Washington,angela.washington@company.com,2025-04-23 09:09:56.588973,24,Development,22,2025-04-23 09:09:56.567029,2025-04-23 09:09:56.589129,2025-04-23 09:09:56.588973,2025-04-23 09:09:56.588974,2025-04-23 09:09:56.546880,2025-04-23 09:09:56.546880
568,Justin,Williams,justin.williams@company.com,2025-04-23 09:09:56.589077,24,Development,22,2025-04-23 09:09:56.567029,2025-04-23 09:09:56.589129,2025-04-23 09:09:56.589077,2025-04-23 09:09:56.589078,2025-04-23 09:09:56.546880,2025-04-23 09:09:56.546880
462,Rachel,Williams,rachel.williams@company.com,2025-04-23 09:09:56.567127,24,Development,22,2025-04-23 09:09:56.567029,2025-04-23 09:09:56.589129,2025-04-23 09:09:56.567128,2025-04-23 09:09:56.567128,2025-04-23 09:09:56.546880,2025-04-23 09:09:56.546880
516,Janet,Barnett,janet.barnett@company.com,2025-04-23 09:09:56.588975,18,Engineering,20,2025-04-23 09:09:56.566991,2025-04-23 09:09:56.589092,2025-04-23 09:09:56.588975,2025-04-23 09:09:56.588976,2025-04-23 09:09:56.546864,2025-04-23 09:09:56.546871
534,Pamela,Bass,pamela.bass@company.com,2025-04-23 09:09:56.589010,18,Engineering,20,2025-04-23 09:09:56.566991,2025-04-23 09:09:56.589092,2025-04-23 09:09:56.589011,2025-04-23 09:09:56.589011,2025-04-23 09:09:56.546864,2025-04-23 09:09:56.546871
459,Christian,Bean,christian.bean@company.com,2025-04-23 09:09:56.567121,18,Engineering,20,2025-04-23 09:09:56.566991,2025-04-23 09:09:56.589092,2025-04-23 09:09:56.567122,2025-04-23 09:09:56.567122,2025-04-23 09:09:56.546864,2025-04-23 09:09:56.546871
397,Gloria,Burton,gloria.burton@company.com,2025-04-23 09:09:56.566991,18,Engineering,20,2025-04-23 09:09:56.566991,2025-04-23 09:09:56.589092,2025-04-23 09:09:56.566995,2025-04-23 09:09:56.566996,2025-04-23 09:09:56.546864,2025-04-23 09:09:56.546871
435,Matthew,Castillo,matthew.castillo@company.com,2025-04-23 09:09:56.567074,18,Engineering,20,2025-04-23 09:09:56.566991,2025-04-23 09:09:56.589092,2025-04-23 09:09:56.567075,2025-04-23 09:09:56.567076,2025-04-23 09:09:56.546864,2025-04-23 09:09:56.546871
461,Julie,Davidson,julie.davidson@company.com,2025-04-23 09:09:56.567125,18,Engineering,20,2025-04-23 09:09:56.566991,2025-04-23 09:09:56.589092,2025-04-23 09:09:56.567126,2025-04-23 09:09:56.567126,2025-04-23 09:09:56.546864,2025-04-23 09:09:56.546871
562,Kevin,Dillon,kevin.dillon@company.com,2025-04-23 09:09:56.589065,18,Engineering,20,2025-04-23 09:09:56.566991,2025-04-23 09:09:56.589092,2025-04-23 09:09:56.589065,2025-04-23 09:09:56.589066,2025-04-23 09:09:56.546864,2025-04-23 09:09:56.546871
477,Jacqueline,Hartman,jacqueline.hartman@company.com,2025-04-23 09:09:56.567156,18,Engineering,20,2025-04-23 09:09:56.566991,2025-04-23 09:09:56.589092,2025-04-23 09:09:56.567157,2025-04-23 09:09:56.567157,2025-04-23 09:09:56.546864,2025-04-23 09:09:56.546871
539,Lori,Johnson,lori.johnson@company.com,2025-04-23 09:09:56.589020,18,Engineering,20,2025-04-23 09:09:56.566991,2025-04-23 09:09:56.589092,2025-04-23 09:09:56.589020,2025-04-23 09:09:56.589021,2025-04-23 09:09:56.546864,2025-04-23 09:09:56.546871
478,Renee,Jones,renee.jones@company.com,2025-04-23 09:09:56.567158,18,Engineering,20,2025-04-23 09:09:56.566991,2025-04-23 09:09:56.589092,2025-04-23 09:09:56.567159,2025-04-23 09:09:56.567159,2025-04-23 09:09:56.546864,2025-04-23 09:09:56.546871
532,Larry,Mcgee,larry.mcgee@company.com,2025-04-23 09:09:56.589006,18,Engineering,20,2025-04-23 09:09:56.566991,2025-04-23 09:09:56.589092,2025-04-23 09:09:56.589007,2025-04-23 09:09:56.589007,2025-04-23 09:09:56.546864,2025-04-23 09:09:56.546871
576,Zachary,Morgan,zachary.morgan@company.com,2025-04-23 09:09:56.589092,18,Engineering,20,2025-04-23 09:09:56.566991,2025-04-23 09:09:56.589092,2025-04-23 09:09:56.589093,2025-04-23 09:09:56.589093,2025-04-23 09:09:56.546864,2025-04-23 09:09:56.546871
427,Kenneth,Olsen,kenneth.olsen@company.com,2025-04-23 09:09:56.567057,18,Engineering,20,2025-04-23 09:09:56.566991,2025-04-23 09:09:56.589092,2025-04-23 09:09:56.567057,2025-04-23 09:09:56.567058,2025-04-23 09:09:56.546864,2025-04-23 09:09:56.546871
523,Rachel,Peterson,rachel.peterson@company.com,2025-04-23 09:09:56.588989,18,Engineering,20,2025-04-23 09:09:56.566991,2025-04-23 09:09:56.589092,2025-04-23 09:09:56.588989,2025-04-23 09:09:56.588990,2025-04-23 09:09:56.546864,2025-04-23 09:09:56.546871
468,Jennifer,Shaffer,jennifer.shaffer@company.com,2025-04-23 09:09:56.567139,18,Engineering,20,2025-04-23 09:09:56.566991,2025-04-23 09:09:56.589092,2025-04-23 09:09:56.567139,2025-04-23 09:09:56.567140,2025-04-23 09:09:56.546864,2025-04-23 09:09:56.546871
509,Michael,Smith,michael.smith@company.com,2025-04-23 09:09:56.588961,18,Engineering,20,2025-04-23 09:09:56.566991,2025-04-23 09:09:56.589092,2025-04-23 09:09:56.588962,2025-04-23 09:09:56.588962,2025-04-23 09:09:56.546864,2025-04-23 09:09:56.546871
415,Joseph,Thompson,joseph.thompson@company.com,2025-04-23 09:09:56.567033,18,Engineering,20,2025-04-23 09:09:56.566991,2025-04-23 09:09:56.589092,2025-04-23 09:09:56.567034,2025-04-23 09:09:56.567034,2025-04-23 09:09:56.546864,2025-04-23 09:09:56.546871
494,Lindsey,Tran,lindsey.tran@company.com,2025-04-23 09:09:56.567189,18,Engineering,20,2025-04-23 09:09:56.566991,2025-04-23 09:09:56.589092,2025-04-23 09:09:56.567190,2025-04-23 09:09:56.567190,2025-04-23 09:09:56.546864,2025-04-23 09:09:56.546871
538,John,Webb,john.webb@company.com,2025-04-23 09:09:56.589018,18,Engineering,20,2025-04-23 09:09:56.566991,2025-04-23 09:09:56.589092,2025-04-23 09:09:56.589018,2025-04-23 09:09:56.589019,2025-04-23 09:09:56.546864,2025-04-23 09:09:56.546871
429,Margaret,Wells,margaret.wells@company.com,2025-04-23 09:09:56.567061,18,Engineering,20,2025-04-23 09:09:56.566991,2025-04-23 09:09:56.589092,2025-04-23 09:09:56.567061,2025-04-23 09:09:56.567062,2025-04-23 09:09:56.546864,2025-04-23 09:09:56.546871
456,Alexander,Cain,alexander.cain@company.com,2025-04-23 09:09:56.567115,21,Finance,23,2025-04-23 09:09:56.567014,2025-04-23 09:09:56.589131,2025-04-23 09:09:56.567116,2025-04-23 09:09:56.567117,2025-04-23 09:09:56.546875,2025-04-23 09:09:56.546876
491,Matthew,Coleman,matthew.coleman@company.com,2025-04-23 09:09:56.567183,21,Finance,23,2025-04-23 09:09:56.567014,2025-04-23 09:09:56.589131,2025-04-23 09:09:56.567184,2025-04-23 09:09:56.567185,2025-04-23 09:09:56.546875,2025-04-23 09:09:56.546876
428,Katherine,Evans,katherine.evans@company.com,2025-04-23 09:09:56.567059,21,Finance,23,2025-04-23 09:09:56.567014,2025-04-23 09:09:56.589131,2025-04-23 09:09:56.567059,2025-04-23 09:09:56.567060,2025-04-23 09:09:56.546875,2025-04-23 09:09:56.546876
586,Phillip,Figueroa,phillip.figueroa@company.com,2025-04-23 09:09:56.589111,21,Finance,23,2025-04-23 09:09:56.567014,2025-04-23 09:09:56.589131,2025-04-23 09:09:56.589112,2025-04-23 09:09:56.589113,2025-04-23 09:09:56.546875,2025-04-23 09:09:56.546876
520,Amanda,Gomez,amanda.gomez@company.com,2025-04-23 09:09:56.588983,21,Finance,23,2025-04-23 09:09:56.567014,2025-04-23 09:09:56.589131,2025-04-23 09:09:56.588983,2025-04-23 09:09:56.588984,2025-04-23 09:09:56.546875,2025-04-23 09:09:56.546876
445,Meredith,Greene,meredith.greene@company.com,2025-04-23 09:09:56.567094,21,Finance,23,2025-04-23 09:09:56.567014,2025-04-23 09:09:56.589131,2025-04-23 09:09:56.567095,2025-04-23 09:09:56.567095,2025-04-23 09:09:56.546875,2025-04-23 09:09:56.546876
408,Christopher,Heath,christopher.heath@company.com,2025-04-23 09:09:56.567019,21,Finance,23,2025-04-23 09:09:56.567014,2025-04-23 09:09:56.589131,2025-04-23 09:09:56.567019,2025-04-23 09:09:56.567020,2025-04-23 09:09:56.546875,2025-04-23 09:09:56.546876
426,Emily,Hoffman,emily.hoffman@company.com,2025-04-23 09:09:56.567055,21,Finance,23,2025-04-23 09:09:56.567014,2025-04-23 09:09:56.589131,2025-04-23 09:09:56.567055,2025-04-23 09:09:56.567056,2025-04-23 09:09:56.546875,2025-04-23 09:09:56.546876
407,Janet,Johnson,janet.johnson@company.com,2025-04-23 09:09:56.567016,21,Finance,23,2025-04-23 09:09:56.567014,2025-04-23 09:09:56.589131,2025-04-23 09:09:56.567017,2025-04-23 09:09:56.567018,2025-04-23 09:09:56.546875,2025-04-23 09:09:56.546876
411,Connor,Mahoney,connor.mahoney@company.com,2025-04-23 09:09:56.567025,21,Finance,23,2025-04-23 09:09:56.567014,2025-04-23 09:09:56.589131,2025-04-23 09:09:56.567025,2025-04-23 09:09:56.567026,2025-04-23 09:09:56.546875,2025-04-23 09:09:56.546876
521,Patrick,Martin,patrick.martin@company.com,2025-04-23 09:09:56.588985,21,Finance,23,2025-04-23 09:09:56.567014,2025-04-23 09:09:56.589131,2025-04-23 09:09:56.588985,2025-04-23 09:09:56.588986,2025-04-23 09:09:56.546875,2025-04-23 09:09:56.546876
557,Timothy,Martinez,timothy.martinez@company.com,2025-04-23 09:09:56.589055,21,Finance,23,2025-04-23 09:09:56.567014,2025-04-23 09:09:56.589131,2025-04-23 09:09:56.589055,2025-04-23 09:09:56.589056,2025-04-23 09:09:56.546875,2025-04-23 09:09:56.546876
555,Jonathan,Mclaughlin,jonathan.mclaughlin@company.com,2025-04-23 09:09:56.589051,21,Finance,23,2025-04-23 09:09:56.567014,2025-04-23 09:09:56.589131,2025-04-23 09:09:56.589052,2025-04-23 09:09:56.589052,2025-04-23 09:09:56.546875,2025-04-23 09:09:56.546876
483,Joseph,Newman,joseph.newman@company.com,2025-04-23 09:09:56.567168,21,Finance,23,2025-04-23 09:09:56.567014,2025-04-23 09:09:56.589131,2025-04-23 09:09:56.567168,2025-04-23 09:09:56.567169,2025-04-23 09:09:56.546875,2025-04-23 09:09:56.546876
513,Angela,Potter,angela.potter@company.com,2025-04-23 09:09:56.588969,21,Finance,23,2025-04-23 09:09:56.567014,2025-04-23 09:09:56.589131,2025-04-23 09:09:56.588970,2025-04-23 09:09:56.588970,2025-04-23 09:09:56.546875,2025-04-23 09:09:56.546876
412,Keith,Ramos,keith.ramos@company.com,2025-04-23 09:09:56.567027,21,Finance,23,2025-04-23 09:09:56.567014,2025-04-23 09:09:56.589131,2025-04-23 09:09:56.567027,2025-04-23 09:09:56.567028,2025-04-23 09:09:56.546875,2025-04-23 09:09:56.546876
410,Daniel,Rivera,daniel.rivera@company.com,2025-04-23 09:09:56.567023,21,Finance,23,2025-04-23 09:09:56.567014,2025-04-23 09:09:56.589131,2025-04-23 09:09:56.567023,2025-04-23 09:09:56.567024,2025-04-23 09:09:56.546875,2025-04-23 09:09:56.546876
596,Christina,Smith,christina.smith@company.com,2025-04-23 09:09:56.589131,21,Finance,23,2025-04-23 09:09:56.567014,2025-04-23 09:09:56.589131,2025-04-23 09:09:56.589131,2025-04-23 09:09:56.589132,2025-04-23 09:09:56.546875,2025-04-23 09:09:56.546876
524,Kimberly,Stewart,kimberly.stewart@company.com,2025-04-23 09:09:56.588991,21,Finance,23,2025-04-23 09:09:56.567014,2025-04-23 09:09:56.589131,2025-04-23 09:09:56.588991,2025-04-23 09:09:56.588992,2025-04-23 09:09:56.546875,2025-04-23 09:09:56.546876
406,Michael,Terry,michael.terry@company.com,2025-04-23 09:09:56.567014,21,Finance,23,2025-04-23 09:09:56.567014,2025-04-23 09:09:56.589131,2025-04-23 09:09:56.567015,2025-04-23 09:09:56.567016,2025-04-23 09:09:56.546875,2025-04-23 09:09:56.546876
589,Madison,Walker,madison.walker@company.com,2025-04-23 09:09:56.589117,21,Finance,23,2025-04-23 09:09:56.567014,2025-04-23 09:09:56.589131,2025-04-23 09:09:56.589118,2025-04-23 09:09:56.589118,2025-04-23 09:09:56.546875,2025-04-23 09:09:56.546876
470,John,Whitaker,john.whitaker@company.com,2025-04-23 09:09:56.567143,21,Finance,23,2025-04-23 09:09:56.567014,2025-04-23 09:09:56.589131,2025-04-23 09:09:56.567143,2025-04-23 09:09:56.567144,2025-04-23 09:09:56.546875,2025-04-23 09:09:56.546876
583,Jenna,Williams,jenna.williams@company.com,2025-04-23 09:09:56.589105,21,Finance,23,2025-04-23 09:09:56.567014,2025-04-23 09:09:56.589131,2025-04-23 09:09:56.589106,2025-04-23 09:09:56.589107,2025-04-23 09:09:56.546875,2025-04-23 09:09:56.546876
465,Annette,Austin,annette.austin@company.com,2025-04-23 09:09:56.567133,22,Human Resources,18,2025-04-23 09:09:56.567006,2025-04-23 09:09:56.589082,2025-04-23 09:09:56.567134,2025-04-23 09:09:56.567134,2025-04-23 09:09:56.546877,2025-04-23 09:09:56.546878
431,Christina,Beltran,christina.beltran@company.com,2025-04-23 09:09:56.567064,22,Human Resources,18,2025-04-23 09:09:56.567006,2025-04-23 09:09:56.589082,2025-04-23 09:09:56.567065,2025-04-23 09:09:56.567066,2025-04-23 09:09:56.546877,2025-04-23 09:09:56.546878
551,John,Berry,john.berry@company.com,2025-04-23 09:09:56.589043,22,Human Resources,18,2025-04-23 09:09:56.567006,2025-04-23 09:09:56.589082,2025-04-23 09:09:56.589044,2025-04-23 09:09:56.589044,2025-04-23 09:09:56.546877,2025-04-23 09:09:56.546878
544,Ian,Daniels,ian.daniels@company.com,2025-04-23 09:09:56.589029,22,Human Resources,18,2025-04-23 09:09:56.567006,2025-04-23 09:09:56.589082,2025-04-23 09:09:56.589030,2025-04-23 09:09:56.589031,2025-04-23 09:09:56.546877,2025-04-23 09:09:56.546878
510,Victoria,Fowler,victoria.fowler@company.com,2025-04-23 09:09:56.588963,22,Human Resources,18,2025-04-23 09:09:56.567006,2025-04-23 09:09:56.589082,2025-04-23 09:09:56.588964,2025-04-23 09:09:56.588964,2025-04-23 09:09:56.546877,2025-04-23 09:09:56.546878
508,Paige,Haley,paige.haley@company.com,2025-04-23 09:09:56.588959,22,Human Resources,18,2025-04-23 09:09:56.567006,2025-04-23 09:09:56.589082,2025-04-23 09:09:56.588960,2025-04-23 09:09:56.588960,2025-04-23 09:09:56.546877,2025-04-23 09:09:56.546878
571,Adam,Hall,adam.hall@company.com,2025-04-23 09:09:56.589082,22,Human Resources,18,2025-04-23 09:09:56.567006,2025-04-23 09:09:56.589082,2025-04-23 09:09:56.589083,2025-04-23 09:09:56.589084,2025-04-23 09:09:56.546877,2025-04-23 09:09:56.546878
488,Brandon,Jones,brandon.jones@company.com,2025-04-23 09:09:56.567178,22,Human Resources,18,2025-04-23 09:09:56.567006,2025-04-23 09:09:56.589082,2025-04-23 09:09:56.567178,2025-04-23 09:09:56.567179,2025-04-23 09:09:56.546877,2025-04-23 09:09:56.546878
563,Edward,Mcclain,edward.mcclain@company.com,2025-04-23 09:09:56.589067,22,Human Resources,18,2025-04-23 09:09:56.567006,2025-04-23 09:09:56.589082,2025-04-23 09:09:56.589067,2025-04-23 09:09:56.589068,2025-04-23 09:09:56.546877,2025-04-23 09:09:56.546878
529,Kelly,Miller,kelly.miller@company.com,2025-04-23 09:09:56.589000,22,Human Resources,18,2025-04-23 09:09:56.567006,2025-04-23 09:09:56.589082,2025-04-23 09:09:56.589001,2025-04-23 09:09:56.589002,2025-04-23 09:09:56.546877,2025-04-23 09:09:56.546878
422,Erica,Reid,erica.reid@company.com,2025-04-23 09:09:56.567047,22,Human Resources,18,2025-04-23 09:09:56.567006,2025-04-23 09:09:56.589082,2025-04-23 09:09:56.567047,2025-04-23 09:09:56.567048,2025-04-23 09:09:56.546877,2025-04-23 09:09:56.546878
473,Jennifer,Sanchez,jennifer.sanchez@company.com,2025-04-23 09:09:56.567148,22,Human Resources,18,2025-04-23 09:09:56.567006,2025-04-23 09:09:56.589082,2025-04-23 09:09:56.567149,2025-04-23 09:09:56.567150,2025-04-23 09:09:56.546877,2025-04-23 09:09:56.546878
474,Tina,Scott,tina.scott@company.com,2025-04-23 09:09:56.567150,22,Human Resources,18,2025-04-23 09:09:56.567006,2025-04-23 09:09:56.589082,2025-04-23 09:09:56.567151,2025-04-23 09:09:56.567152,2025-04-23 09:09:56.546877,2025-04-23 09:09:56.546878
417,Robert,Shaffer,robert.shaffer@company.com,2025-04-23 09:09:56.567037,22,Human Resources,18,2025-04-23 09:09:56.567006,2025-04-23 09:09:56.589082,2025-04-23 09:09:56.567038,2025-04-23 09:09:56.567038,2025-04-23 09:09:56.546877,2025-04-23 09:09:56.546878
522,Peggy,Stevenson,peggy.stevenson@company.com,2025-04-23 09:09:56.588987,22,Human Resources,18,2025-04-23 09:09:56.567006,2025-04-23 09:09:56.589082,2025-04-23 09:09:56.588987,2025-04-23 09:09:56.588988,2025-04-23 09:09:56.546877,2025-04-23 09:09:56.546878
500,James,Swanson,james.swanson@company.com,2025-04-23 09:09:56.588943,22,Human Resources,18,2025-04-23 09:09:56.567006,2025-04-23 09:09:56.589082,2025-04-23 09:09:56.588944,2025-04-23 09:09:56.588944,2025-04-23 09:09:56.546877,2025-04-23 09:09:56.546878
484,Patrick,Walker,patrick.walker@company.com,2025-04-23 09:09:56.567170,22,Human Resources,18,2025-04-23 09:09:56.567006,2025-04-23 09:09:56.589082,2025-04-23 09:09:56.567170,2025-04-23 09:09:56.567171,2025-04-23 09:09:56.546877,2025-04-23 09:09:56.546878
402,Jose,White,jose.white@company.com,2025-04-23 09:09:56.567006,22,Human Resources,18,2025-04-23 09:09:56.567006,2025-04-23 09:09:56.589082,2025-04-23 09:09:56.567006,2025-04-23 09:09:56.567007,2025-04-23 09:09:56.546877,2025-04-23 09:09:56.546878
548,Robert,Anderson,robert.anderson@company.com,2025-04-23 09:09:56.589037,27,Legal,18,2025-04-23 09:09:56.567002,2025-04-23 09:09:56.589115,2025-04-23 09:09:56.589038,2025-04-23 09:09:56.589038,2025-04-23 09:09:56.546888,2025-04-23 09:09:56.546889
565,Christopher,Barrett,christopher.barrett@company.com,2025-04-23 09:09:56.589071,27,Legal,18,2025-04-23 09:09:56.567002,2025-04-23 09:09:56.589115,2025-04-23 09:09:56.589071,2025-04-23 09:09:56.589072,2025-04-23 09:09:56.546888,2025-04-23 09:09:56.546889
458,Mary,Cross,mary.cross@company.com,2025-04-23 09:09:56.567119,27,Legal,18,2025-04-23 09:09:56.567002,2025-04-23 09:09:56.589115,2025-04-23 09:09:56.567120,2025-04-23 09:09:56.567121,2025-04-23 09:09:56.546888,2025-04-23 09:09:56.546889
442,Mike,Douglas,mike.douglas@company.com,2025-04-23 09:09:56.567088,27,Legal,18,2025-04-23 09:09:56.567002,2025-04-23 09:09:56.589115,2025-04-23 09:09:56.567089,2025-04-23 09:09:56.567089,2025-04-23 09:09:56.546888,2025-04-23 09:09:56.546889
437,Jerry,Evans,jerry.evans@company.com,2025-04-23 09:09:56.567078,27,Legal,18,2025-04-23 09:09:56.567002,2025-04-23 09:09:56.589115,2025-04-23 09:09:56.567079,2025-04-23 09:09:56.567080,2025-04-23 09:09:56.546888,2025-04-23 09:09:56.546889
549,Donald,Garcia,donald.garcia@company.com,2025-04-23 09:09:56.589039,27,Legal,18,2025-04-23 09:09:56.567002,2025-04-23 09:09:56.589115,2025-04-23 09:09:56.589040,2025-04-23 09:09:56.589040,2025-04-23 09:09:56.546888,2025-04-23 09:09:56.546889
572,Justin,Hart,justin.hart@company.com,2025-04-23 09:09:56.589084,27,Legal,18,2025-04-23 09:09:56.567002,2025-04-23 09:09:56.589115,2025-04-23 09:09:56.589085,2025-04-23 09:09:56.589085,2025-04-23 09:09:56.546888,2025-04-23 09:09:56.546889
531,Kelsey,Lawson,kelsey.lawson@company.com,2025-04-23 09:09:56.589004,27,Legal,18,2025-04-23 09:09:56.567002,2025-04-23 09:09:56.589115,2025-04-23 09:09:56.589005,2025-04-23 09:09:56.589006,2025-04-23 09:09:56.546888,2025-04-23 09:09:56.546889
566,Alyssa,Leonard,alyssa.leonard@company.com,2025-04-23 09:09:56.589073,27,Legal,18,2025-04-23 09:09:56.567002,2025-04-23 09:09:56.589115,2025-04-23 09:09:56.589073,2025-04-23 09:09:56.589074,2025-04-23 09:09:56.546888,2025-04-23 09:09:56.546889
447,Shannon,Patterson,shannon.patterson@company.com,2025-04-23 09:09:56.567098,27,Legal,18,2025-04-23 09:09:56.567002,2025-04-23 09:09:56.589115,2025-04-23 09:09:56.567098,2025-04-23 09:09:56.567099,2025-04-23 09:09:56.546888,2025-04-23 09:09:56.546889
432,Manuel,Roberts,manuel.roberts@company.com,2025-04-23 09:09:56.567066,27,Legal,18,2025-04-23 09:09:56.567002,2025-04-23 09:09:56.589115,2025-04-23 09:09:56.567067,2025-04-23 09:09:56.567070,2025-04-23 09:09:56.546888,2025-04-23 09:09:56.546889
585,Jasmine,Sampson,jasmine.sampson@company.com,2025-04-23 09:09:56.589109,27,Legal,18,2025-04-23 09:09:56.567002,2025-04-23 09:09:56.589115,2025-04-23 09:09:56.589110,2025-04-23 09:09:56.589111,2025-04-23 09:09:56.546888,2025-04-23 09:09:56.546889
588,Bailey,Stone,bailey.stone@company.com,2025-04-23 09:09:56.589115,27,Legal,18,2025-04-23 09:09:56.567002,2025-04-23 09:09:56.589115,2025-04-23 09:09:56.589116,2025-04-23 09:09:56.589116,2025-04-23 09:09:56.546888,2025-04-23 09:09:56.546889
400,Joseph,Taylor,joseph.taylor@company.com,2025-04-23 09:09:56.567002,27,Legal,18,2025-04-23 09:09:56.567002,2025-04-23 09:09:56.589115,2025-04-23 09:09:56.567002,2025-04-23 09:09:56.567003,2025-04-23 09:09:56.546888,2025-04-23 09:09:56.546889
542,Brenda,Williams,brenda.williams@company.com,2025-04-23 09:09:56.589025,27,Legal,18,2025-04-23 09:09:56.567002,2025-04-23 09:09:56.589115,2025-04-23 09:09:56.589026,2025-04-23 09:09:56.589027,2025-04-23 09:09:56.546888,2025-04-23 09:09:56.546889
455,Caroline,Williams,caroline.williams@company.com,2025-04-23 09:09:56.567113,27,Legal,18,2025-04-23 09:09:56.567002,2025-04-23 09:09:56.589115,2025-04-23 09:09:56.567114,2025-04-23 09:09:56.567115,2025-04-23 09:09:56.546888,2025-04-23 09:09:56.546889
580,Erin,Williams,erin.williams@company.com,2025-04-23 09:09:56.589100,27,Legal,18,2025-04-23 09:09:56.567002,2025-04-23 09:09:56.589115,2025-04-23 09:09:56.589100,2025-04-23 09:09:56.589101,2025-04-23 09:09:56.546888,2025-04-23 09:09:56.546889
467,Mary,Williams,mary.williams@company.com,2025-04-23 09:09:56.567137,27,Legal,18,2025-04-23 09:09:56.567002,2025-04-23 09:09:56.589115,2025-04-23 09:09:56.567137,2025-04-23 09:09:56.567138,2025-04-23 09:09:56.546888,2025-04-23 09:09:56.546889
501,Blake,Bailey,blake.bailey@company.com,2025-04-23 09:09:56.588945,19,Marketing,28,2025-04-23 09:09:56.566999,2025-04-23 09:09:56.589102,2025-04-23 09:09:56.588946,2025-04-23 09:09:56.588946,2025-04-23 09:09:56.546872,2025-04-23 09:09:56.546873
512,Larry,Barber,larry.barber@company.com,2025-04-23 09:09:56.588967,19,Marketing,28,2025-04-23 09:09:56.566999,2025-04-23 09:09:56.589102,2025-04-23 09:09:56.588968,2025-04-23 09:09:56.588968,2025-04-23 09:09:56.546872,2025-04-23 09:09:56.546873
439,Justin,Beck,justin.beck@company.com,2025-04-23 09:09:56.567082,19,Marketing,28,2025-04-23 09:09:56.566999,2025-04-23 09:09:56.589102,2025-04-23 09:09:56.567083,2025-04-23 09:09:56.567083,2025-04-23 09:09:56.546872,2025-04-23 09:09:56.546873
424,Joel,Brown,joel.brown@company.com,2025-04-23 09:09:56.567051,19,Marketing,28,2025-04-23 09:09:56.566999,2025-04-23 09:09:56.589102,2025-04-23 09:09:56.567051,2025-04-23 09:09:56.567052,2025-04-23 09:09:56.546872,2025-04-23 09:09:56.546873
495,Jesus,Flores,jesus.flores@company.com,2025-04-23 09:09:56.567191,19,Marketing,28,2025-04-23 09:09:56.566999,2025-04-23 09:09:56.589102,2025-04-23 09:09:56.567192,2025-04-23 09:09:56.567192,2025-04-23 09:09:56.546872,2025-04-23 09:09:56.546873
492,Melinda,Foley,melinda.foley@company.com,2025-04-23 09:09:56.567185,19,Marketing,28,2025-04-23 09:09:56.566999,2025-04-23 09:09:56.589102,2025-04-23 09:09:56.567186,2025-04-23 09:09:56.567187,2025-04-23 09:09:56.546872,2025-04-23 09:09:56.546873
526,Anita,Graham,anita.graham@company.com,2025-04-23 09:09:56.588995,19,Marketing,28,2025-04-23 09:09:56.566999,2025-04-23 09:09:56.589102,2025-04-23 09:09:56.588995,2025-04-23 09:09:56.588996,2025-04-23 09:09:56.546872,2025-04-23 09:09:56.546873
481,Brandy,Gray,brandy.gray@company.com,2025-04-23 09:09:56.567164,19,Marketing,28,2025-04-23 09:09:56.566999,2025-04-23 09:09:56.589102,2025-04-23 09:09:56.567165,2025-04-23 09:09:56.567165,2025-04-23 09:09:56.546872,2025-04-23 09:09:56.546873
533,Kristen,Hansen,kristen.hansen@company.com,2025-04-23 09:09:56.589008,19,Marketing,28,2025-04-23 09:09:56.566999,2025-04-23 09:09:56.589102,2025-04-23 09:09:56.589009,2025-04-23 09:09:56.589009,2025-04-23 09:09:56.546872,2025-04-23 09:09:56.546873
579,Johnny,Henry,johnny.henry@company.com,2025-04-23 09:09:56.589098,19,Marketing,28,2025-04-23 09:09:56.566999,2025-04-23 09:09:56.589102,2025-04-23 09:09:56.589098,2025-04-23 09:09:56.589099,2025-04-23 09:09:56.546872,2025-04-23 09:09:56.546873
399,Carolyn,Hernandez,carolyn.hernandez@company.com,2025-04-23 09:09:56.566999,19,Marketing,28,2025-04-23 09:09:56.566999,2025-04-23 09:09:56.589102,2025-04-23 09:09:56.567000,2025-04-23 09:09:56.567001,2025-04-23 09:09:56.546872,2025-04-23 09:09:56.546873
457,Andrew,Johnson,andrew.johnson@company.com,2025-04-23 09:09:56.567117,19,Marketing,28,2025-04-23 09:09:56.566999,2025-04-23 09:09:56.589102,2025-04-23 09:09:56.567118,2025-04-23 09:09:56.567119,2025-04-23 09:09:56.546872,2025-04-23 09:09:56.546873
577,Erin,Keller,erin.keller@company.com,2025-04-23 09:09:56.589094,19,Marketing,28,2025-04-23 09:09:56.566999,2025-04-23 09:09:56.589102,2025-04-23 09:09:56.589095,2025-04-23 09:09:56.589095,2025-04-23 09:09:56.546872,2025-04-23 09:09:56.546873
463,Jacqueline,Lee,jacqueline.lee@company.com,2025-04-23 09:09:56.567129,19,Marketing,28,2025-04-23 09:09:56.566999,2025-04-23 09:09:56.589102,2025-04-23 09:09:56.567130,2025-04-23 09:09:56.567130,2025-04-23 09:09:56.546872,2025-04-23 09:09:56.546873
553,Tyler,Miller,tyler.miller@company.com,2025-04-23 09:09:56.589047,19,Marketing,28,2025-04-23 09:09:56.566999,2025-04-23 09:09:56.589102,2025-04-23 09:09:56.589048,2025-04-23 09:09:56.589048,2025-04-23 09:09:56.546872,2025-04-23 09:09:56.546873
535,Donna,Moore,donna.moore@company.com,2025-04-23 09:09:56.589012,19,Marketing,28,2025-04-23 09:09:56.566999,2025-04-23 09:09:56.589102,2025-04-23 09:09:56.589013,2025-04-23 09:09:56.589013,2025-04-23 09:09:56.546872,2025-04-23 09:09:56.546873
475,John,Myers,john.myers@company.com,2025-04-23 09:09:56.567152,19,Marketing,28,2025-04-23 09:09:56.566999,2025-04-23 09:09:56.589102,2025-04-23 09:09:56.567153,2025-04-23 09:09:56.567154,2025-04-23 09:09:56.546872,2025-04-23 09:09:56.546873
476,Tiffany,Salinas,tiffany.salinas@company.com,2025-04-23 09:09:56.567154,19,Marketing,28,2025-04-23 09:09:56.566999,2025-04-23 09:09:56.589102,2025-04-23 09:09:56.567155,2025-04-23 09:09:56.567155,2025-04-23 09:09:56.546872,2025-04-23 09:09:56.546873
578,Michael,Scott,michael.scott@company.com,2025-04-23 09:09:56.589096,19,Marketing,28,2025-04-23 09:09:56.566999,2025-04-23 09:09:56.589102,2025-04-23 09:09:56.589097,2025-04-23 09:09:56.589097,2025-04-23 09:09:56.546872,2025-04-23 09:09:56.546873
581,Jonathan,Smith,jonathan.smith@company.com,2025-04-23 09:09:56.589102,19,Marketing,28,2025-04-23 09:09:56.566999,2025-04-23 09:09:56.589102,2025-04-23 09:09:56.589102,2025-04-23 09:09:56.589103,2025-04-23 09:09:56.546872,2025-04-23 09:09:56.546873
418,Heidi,Sosa,heidi.sosa@company.com,2025-04-23 09:09:56.567039,19,Marketing,28,2025-04-23 09:09:56.566999,2025-04-23 09:09:56.589102,2025-04-23 09:09:56.567040,2025-04-23 09:09:56.567040,2025-04-23 09:09:56.546872,2025-04-23 09:09:56.546873
421,Rachel,Sullivan,rachel.sullivan@company.com,2025-04-23 09:09:56.567045,19,Marketing,28,2025-04-23 09:09:56.566999,2025-04-23 09:09:56.589102,2025-04-23 09:09:56.567045,2025-04-23 09:09:56.567046,2025-04-23 09:09:56.546872,2025-04-23 09:09:56.546873
550,Kristin,Taylor,kristin.taylor@company.com,2025-04-23 09:09:56.589041,19,Marketing,28,2025-04-23 09:09:56.566999,2025-04-23 09:09:56.589102,2025-04-23 09:09:56.589042,2025-04-23 09:09:56.589042,2025-04-23 09:09:56.546872,2025-04-23 09:09:56.546873
453,Stephanie,Turner,stephanie.turner@company.com,2025-04-23 09:09:56.567110,19,Marketing,28,2025-04-23 09:09:56.566999,2025-04-23 09:09:56.589102,2025-04-23 09:09:56.567110,2025-04-23 09:09:56.567111,2025-04-23 09:09:56.546872,2025-04-23 09:09:56.546873
444,Jennifer,Vazquez,jennifer.vazquez@company.com,2025-04-23 09:09:56.567092,19,Marketing,28,2025-04-23 09:09:56.566999,2025-04-23 09:09:56.589102,2025-04-23 09:09:56.567093,2025-04-23 09:09:56.567093,2025-04-23 09:09:56.546872,2025-04-23 09:09:56.546873
433,Thomas,Warren,thomas.warren@company.com,2025-04-23 09:09:56.567070,19,Marketing,28,2025-04-23 09:09:56.566999,2025-04-23 09:09:56.589102,2025-04-23 09:09:56.567071,2025-04-23 09:09:56.567072,2025-04-23 09:09:56.546872,2025-04-23 09:09:56.546873
472,Lawrence,Wu,lawrence.wu@company.com,2025-04-23 09:09:56.567146,19,Marketing,28,2025-04-23 09:09:56.566999,2025-04-23 09:09:56.589102,2025-04-23 09:09:56.567147,2025-04-23 09:09:56.567148,2025-04-23 09:09:56.546872,2025-04-23 09:09:56.546873
536,David,Yang,david.yang@company.com,2025-04-23 09:09:56.589014,19,Marketing,28,2025-04-23 09:09:56.566999,2025-04-23 09:09:56.589102,2025-04-23 09:09:56.589014,2025-04-23 09:09:56.589015,2025-04-23 09:09:56.546872,2025-04-23 09:09:56.546873
511,Thomas,Allen,thomas.allen@company.com,2025-04-23 09:09:56.588965,26,Operations,20,2025-04-23 09:09:56.567004,2025-04-23 09:09:56.589125,2025-04-23 09:09:56.588966,2025-04-23 09:09:56.588966,2025-04-23 09:09:56.546883,2025-04-23 09:09:56.546887
564,Amber,Briggs,amber.briggs@company.com,2025-04-23 09:09:56.589069,26,Operations,20,2025-04-23 09:09:56.567004,2025-04-23 09:09:56.589125,2025-04-23 09:09:56.589069,2025-04-23 09:09:56.589070,2025-04-23 09:09:56.546883,2025-04-23 09:09:56.546887
401,Dawn,Gonzales,dawn.gonzales@company.com,2025-04-23 09:09:56.567004,26,Operations,20,2025-04-23 09:09:56.567004,2025-04-23 09:09:56.589125,2025-04-23 09:09:56.567004,2025-04-23 09:09:56.567005,2025-04-23 09:09:56.546883,2025-04-23 09:09:56.546887
590,James,Hale,james.hale@company.com,2025-04-23 09:09:56.589119,26,Operations,20,2025-04-23 09:09:56.567004,2025-04-23 09:09:56.589125,2025-04-23 09:09:56.589120,2025-04-23 09:09:56.589120,2025-04-23 09:09:56.546883,2025-04-23 09:09:56.546887
448,Andrea,Henry,andrea.henry@company.com,2025-04-23 09:09:56.567100,26,Operations,20,2025-04-23 09:09:56.567004,2025-04-23 09:09:56.589125,2025-04-23 09:09:56.567100,2025-04-23 09:09:56.567101,2025-04-23 09:09:56.546883,2025-04-23 09:09:56.546887
592,Marie,Hoover,marie.hoover@company.com,2025-04-23 09:09:56.589123,26,Operations,20,2025-04-23 09:09:56.567004,2025-04-23 09:09:56.589125,2025-04-23 09:09:56.589124,2025-04-23 09:09:56.589124,2025-04-23 09:09:56.546883,2025-04-23 09:09:56.546887
507,Mark,James,mark.james@company.com,2025-04-23 09:09:56.588957,26,Operations,20,2025-04-23 09:09:56.567004,2025-04-23 09:09:56.589125,2025-04-23 09:09:56.588958,2025-04-23 09:09:56.588958,2025-04-23 09:09:56.546883,2025-04-23 09:09:56.546887
460,Edward,Kennedy,edward.kennedy@company.com,2025-04-23 09:09:56.567123,26,Operations,20,2025-04-23 09:09:56.567004,2025-04-23 09:09:56.589125,2025-04-23 09:09:56.567124,2025-04-23 09:09:56.567124,2025-04-23 09:09:56.546883,2025-04-23 09:09:56.546887
486,Kim,Levy,kim.levy@company.com,2025-04-23 09:09:56.567174,26,Operations,20,2025-04-23 09:09:56.567004,2025-04-23 09:09:56.589125,2025-04-23 09:09:56.567174,2025-04-23 09:09:56.567175,2025-04-23 09:09:56.546883,2025-04-23 09:09:56.546887
419,Jaclyn,Lopez,jaclyn.lopez@company.com,2025-04-23 09:09:56.567041,26,Operations,20,2025-04-23 09:09:56.567004,2025-04-23 09:09:56.589125,2025-04-23 09:09:56.567042,2025-04-23 09:09:56.567042,2025-04-23 09:09:56.546883,2025-04-23 09:09:56.546887
451,Douglas,Perez,douglas.perez@company.com,2025-04-23 09:09:56.567106,26,Operations,20,2025-04-23 09:09:56.567004,2025-04-23 09:09:56.589125,2025-04-23 09:09:56.567106,2025-04-23 09:09:56.567107,2025-04-23 09:09:56.546883,2025-04-23 09:09:56.546887
420,William,Rivera,william.rivera@company.com,2025-04-23 09:09:56.567043,26,Operations,20,2025-04-23 09:09:56.567004,2025-04-23 09:09:56.589125,2025-04-23 09:09:56.567044,2025-04-23 09:09:56.567044,2025-04-23 09:09:56.546883,2025-04-23 09:09:56.546887
498,Lindsay,Roberts,lindsay.roberts@company.com,2025-04-23 09:09:56.588939,26,Operations,20,2025-04-23 09:09:56.567004,2025-04-23 09:09:56.589125,2025-04-23 09:09:56.588939,2025-04-23 09:09:56.588940,2025-04-23 09:09:56.546883,2025-04-23 09:09:56.546887
519,April,Sanchez,april.sanchez@company.com,2025-04-23 09:09:56.588981,26,Operations,20,2025-04-23 09:09:56.567004,2025-04-23 09:09:56.589125,2025-04-23 09:09:56.588981,2025-04-23 09:09:56.588982,2025-04-23 09:09:56.546883,2025-04-23 09:09:56.546887
466,Alexandria,Smith,alexandria.smith@company.com,2025-04-23 09:09:56.567135,26,Operations,20,2025-04-23 09:09:56.567004,2025-04-23 09:09:56.589125,2025-04-23 09:09:56.567135,2025-04-23 09:09:56.567136,2025-04-23 09:09:56.546883,2025-04-23 09:09:56.546887
593,Ryan,Smith,ryan.smith@company.com,2025-04-23 09:09:56.589125,26,Operations,20,2025-04-23 09:09:56.567004,2025-04-23 09:09:56.589125,2025-04-23 09:09:56.589126,2025-04-23 09:09:56.589126,2025-04-23 09:09:56.546883,2025-04-23 09:09:56.546887
480,Joshua,Stewart,joshua.stewart@company.com,2025-04-23 09:09:56.567162,26,Operations,20,2025-04-23 09:09:56.567004,2025-04-23 09:09:56.589125,2025-04-23 09:09:56.567163,2025-04-23 09:09:56.567163,2025-04-23 09:09:56.546883,2025-04-23 09:09:56.546887
471,Abigail,Turner,abigail.turner@company.com,2025-04-23 09:09:56.567145,26,Operations,20,2025-04-23 09:09:56.567004,2025-04-23 09:09:56.589125,2025-04-23 09:09:56.567145,2025-04-23 09:09:56.567146,2025-04-23 09:09:56.546883,2025-04-23 09:09:56.546887
504,Barbara,Tyler,barbara.tyler@company.com,2025-04-23 09:09:56.588951,26,Operations,20,2025-04-23 09:09:56.567004,2025-04-23 09:09:56.589125,2025-04-23 09:09:56.588952,2025-04-23 09:09:56.588952,2025-04-23 09:09:56.546883,2025-04-23 09:09:56.546887
487,Abigail,White,abigail.white@company.com,2025-04-23 09:09:56.567176,26,Operations,20,2025-04-23 09:09:56.567004,2025-04-23 09:09:56.589125,2025-04-23 09:09:56.567176,2025-04-23 09:09:56.567177,2025-04-23 09:09:56.546883,2025-04-23 09:09:56.546887
575,Connor,Clark,connor.clark@company.com,2025-04-23 09:09:56.589090,23,Research,21,2025-04-23 09:09:56.567010,2025-04-23 09:09:56.589113,2025-04-23 09:09:56.589091,2025-04-23 09:09:56.589091,2025-04-23 09:09:56.546878,2025-04-23 09:09:56.546879
547,Kim,Cruz,kim.cruz@company.com,2025-04-23 09:09:56.589035,23,Research,21,2025-04-23 09:09:56.567010,2025-04-23 09:09:56.589113,2025-04-23 09:09:56.589036,2025-04-23 09:09:56.589036,2025-04-23 09:09:56.546878,2025-04-23 09:09:56.546879
404,Jennifer,Duncan,jennifer.duncan@company.com,2025-04-23 09:09:56.567010,23,Research,21,2025-04-23 09:09:56.567010,2025-04-23 09:09:56.589113,2025-04-23 09:09:56.567011,2025-04-23 09:09:56.567011,2025-04-23 09:09:56.546878,2025-04-23 09:09:56.546879
443,Mark,Duncan,mark.duncan@company.com,2025-04-23 09:09:56.567090,23,Research,21,2025-04-23 09:09:56.567010,2025-04-23 09:09:56.589113,2025-04-23 09:09:56.567091,2025-04-23 09:09:56.567091,2025-04-23 09:09:56.546878,2025-04-23 09:09:56.546879
485,Barry,Green,barry.green@company.com,2025-04-23 09:09:56.567172,23,Research,21,2025-04-23 09:09:56.567010,2025-04-23 09:09:56.589113,2025-04-23 09:09:56.567172,2025-04-23 09:09:56.567173,2025-04-23 09:09:56.546878,2025-04-23 09:09:56.546879
505,Jesse,Johnson,jesse.johnson@company.com,2025-04-23 09:09:56.588953,23,Research,21,2025-04-23 09:09:56.567010,2025-04-23 09:09:56.589113,2025-04-23 09:09:56.588954,2025-04-23 09:09:56.588954,2025-04-23 09:09:56.546878,2025-04-23 09:09:56.546879
570,Logan,Miller,logan.miller@company.com,2025-04-23 09:09:56.589080,23,Research,21,2025-04-23 09:09:56.567010,2025-04-23 09:09:56.589113,2025-04-23 09:09:56.589081,2025-04-23 09:09:56.589082,2025-04-23 09:09:56.546878,2025-04-23 09:09:56.546879
561,Amy,Montgomery,amy.montgomery@company.com,2025-04-23 09:09:56.589063,23,Research,21,2025-04-23 09:09:56.567010,2025-04-23 09:09:56.589113,2025-04-23 09:09:56.589063,2025-04-23 09:09:56.589064,2025-04-23 09:09:56.546878,2025-04-23 09:09:56.546879
543,Angela,Moore,angela.moore@company.com,2025-04-23 09:09:56.589027,23,Research,21,2025-04-23 09:09:56.567010,2025-04-23 09:09:56.589113,2025-04-23 09:09:56.589028,2025-04-23 09:09:56.589029,2025-04-23 09:09:56.546878,2025-04-23 09:09:56.546879
430,Christopher,Murphy,christopher.murphy@company.com,2025-04-23 09:09:56.567063,23,Research,21,2025-04-23 09:09:56.567010,2025-04-23 09:09:56.589113,2025-04-23 09:09:56.567063,2025-04-23 09:09:56.567064,2025-04-23 09:09:56.546878,2025-04-23 09:09:56.546879
559,Sarah,Newton,sarah.newton@company.com,2025-04-23 09:09:56.589059,23,Research,21,2025-04-23 09:09:56.567010,2025-04-23 09:09:56.589113,2025-04-23 09:09:56.589059,2025-04-23 09:09:56.589060,2025-04-23 09:09:56.546878,2025-04-23 09:09:56.546879
497,Rhonda,Obrien,rhonda.obrien@company.com,2025-04-23 09:09:56.588934,23,Research,21,2025-04-23 09:09:56.567010,2025-04-23 09:09:56.589113,2025-04-23 09:09:56.588937,2025-04-23 09:09:56.588938,2025-04-23 09:09:56.546878,2025-04-23 09:09:56.546879
469,Michael,Pierce,michael.pierce@company.com,2025-04-23 09:09:56.567141,23,Research,21,2025-04-23 09:09:56.567010,2025-04-23 09:09:56.589113,2025-04-23 09:09:56.567141,2025-04-23 09:09:56.567142,2025-04-23 09:09:56.546878,2025-04-23 09:09:56.546879
530,Karen,Potter,karen.potter@company.com,2025-04-23 09:09:56.589002,23,Research,21,2025-04-23 09:09:56.567010,2025-04-23 09:09:56.589113,2025-04-23 09:09:56.589003,2025-04-23 09:09:56.589004,2025-04-23 09:09:56.546878,2025-04-23 09:09:56.546879
441,Kelli,Rodriguez,kelli.rodriguez@company.com,2025-04-23 09:09:56.567086,23,Research,21,2025-04-23 09:09:56.567010,2025-04-23 09:09:56.589113,2025-04-23 09:09:56.567087,2025-04-23 09:09:56.567087,2025-04-23 09:09:56.546878,2025-04-23 09:09:56.546879
560,Carol,Smith,carol.smith@company.com,2025-04-23 09:09:56.589061,23,Research,21,2025-04-23 09:09:56.567010,2025-04-23 09:09:56.589113,2025-04-23 09:09:56.589061,2025-04-23 09:09:56.589062,2025-04-23 09:09:56.546878,2025-04-23 09:09:56.546879
446,Joseph,Snow,joseph.snow@company.com,2025-04-23 09:09:56.567096,23,Research,21,2025-04-23 09:09:56.567010,2025-04-23 09:09:56.589113,2025-04-23 09:09:56.567096,2025-04-23 09:09:56.567097,2025-04-23 09:09:56.546878,2025-04-23 09:09:56.546879
587,Alexander,Solomon,alexander.solomon@company.com,2025-04-23 09:09:56.589113,23,Research,21,2025-04-23 09:09:56.567010,2025-04-23 09:09:56.589113,2025-04-23 09:09:56.589114,2025-04-23 09:09:56.589114,2025-04-23 09:09:56.546878,2025-04-23 09:09:56.546879
423,Rodney,Vaughan,rodney.vaughan@company.com,2025-04-23 09:09:56.567049,23,Research,21,2025-04-23 09:09:56.567010,2025-04-23 09:09:56.589113,2025-04-23 09:09:56.567049,2025-04-23 09:09:56.567050,2025-04-23 09:09:56.546878,2025-04-23 09:09:56.546879
493,Alexander,Wallace,alexander.wallace@company.com,2025-04-23 09:09:56.567187,23,Research,21,2025-04-23 09:09:56.567010,2025-04-23 09:09:56.589113,2025-04-23 09:09:56.567188,2025-04-23 09:09:56.567189,2025-04-23 09:09:56.546878,2025-04-23 09:09:56.546879
438,David,Wright,david.wright@company.com,2025-04-23 09:09:56.567080,23,Research,21,2025-04-23 09:09:56.567010,2025-04-23 09:09:56.589113,2025-04-23 09:09:56.567081,2025-04-23 09:09:56.567081,2025-04-23 09:09:56.546878,2025-04-23 09:09:56.546879
409,Edward,Berry,edward.berry@company.com,2025-04-23 09:09:56.567021,20,Sales,8,2025-04-23 09:09:56.567021,2025-04-23 09:09:56.589127,2025-04-23 09:09:56.567021,2025-04-23 09:09:56.567022,2025-04-23 09:09:56.546874,2025-04-23 09:09:56.546874
573,Shelley,Cannon,shelley.cannon@company.com,2025-04-23 09:09:56.589086,20,Sales,8,2025-04-23 09:09:56.567021,2025-04-23 09:09:56.589127,2025-04-23 09:09:56.589087,2025-04-23 09:09:56.589087,2025-04-23 09:09:56.546874,2025-04-23 09:09:56.546874
434,Paul,Chandler,paul.chandler@company.com,2025-04-23 09:09:56.567072,20,Sales,8,2025-04-23 09:09:56.567021,2025-04-23 09:09:56.589127,2025-04-23 09:09:56.567073,2025-04-23 09:09:56.567074,2025-04-23 09:09:56.546874,2025-04-23 09:09:56.546874
528,Lauren,Charles,lauren.charles@company.com,2025-04-23 09:09:56.588998,20,Sales,8,2025-04-23 09:09:56.567021,2025-04-23 09:09:56.589127,2025-04-23 09:09:56.588999,2025-04-23 09:09:56.589000,2025-04-23 09:09:56.546874,2025-04-23 09:09:56.546874
594,Ashley,Martinez,ashley.martinez@company.com,2025-04-23 09:09:56.589127,20,Sales,8,2025-04-23 09:09:56.567021,2025-04-23 09:09:56.589127,2025-04-23 09:09:56.589127,2025-04-23 09:09:56.589128,2025-04-23 09:09:56.546874,2025-04-23 09:09:56.546874
514,Holly,Moore,holly.moore@company.com,2025-04-23 09:09:56.588971,20,Sales,8,2025-04-23 09:09:56.567021,2025-04-23 09:09:56.589127,2025-04-23 09:09:56.588972,2025-04-23 09:09:56.588972,2025-04-23 09:09:56.546874,2025-04-23 09:09:56.546874
518,Katie,Smith,katie.smith@company.com,2025-04-23 09:09:56.588979,20,Sales,8,2025-04-23 09:09:56.567021,2025-04-23 09:09:56.589127,2025-04-23 09:09:56.588979,2025-04-23 09:09:56.588980,2025-04-23 09:09:56.546874,2025-04-23 09:09:56.546874
541,James,Young,james.young@company.com,2025-04-23 09:09:56.589024,20,Sales,8,2025-04-23 09:09:56.567021,2025-04-23 09:09:56.589127,2025-04-23 09:09:56.589024,2025-04-23 09:09:56.589025,2025-04-23 09:09:56.546874,2025-04-23 09:09:56.546874
